{"a": 0.06533924265137196, "c": 0.017662777813986834, "b": 0.016457016228899172, "e": 0.12748484650980904, "d": 0.03640096460926807, "g": 0.01824936453105651, "f": 0.022485824154337482, "i": 0.06432900997197419, "h": 0.07061852310499903, "k": 0.006485042038714723, "j": 0.0009124682265528254, "m": 0.02799322166460275, "l": 0.04256012513849964, "o": 0.07853744378543961, "n": 0.06344912989636968, "q": 0.0009450563775011406, "p": 0.013133024832171023, "s": 0.0690542918594799, "r": 0.055693149970670666, "u": 0.032914032457798344, "t": 0.09923091963761976, "w": 0.025516522192530797, "v": 0.013328553737860913, "y": 0.027569575702274654, "x": 0.0033239913967281496, "z": 0.00032588150948315193}